id_aluno,nome,data_nascimento,cod_escola,escola,municipio,localizacao,serie,turno,nota_mat,nota_por,faltas
PR2023464988,Bruno,2005-12-11,41900101,Colégio Estadual Araucária,Curitiba,Urbana,3ª EM,Matutino,6.3,7.8,2
PR2023237558,Gabriela,2008-12-18,41900502,Colégio Estadual Oeste Paranaense,CASCAVEL,Urbana,8º Ano,Vespertino,6.8,7.5,2
PR2023186635,Pedro,2005-04-02,41900202,Colégio Estadual do Campo Água Clara,LONDRINA,Rural,2ª EM,Noturno,4.7,5.8,6
PR2023878142,Heitor,2008-02-26,41900201,Colégio Estadual Ipê Amarelo,Londrina,Urbana,1ª EM,Matutino,7.6,7.7,10
PR2023717131,Olívia,2009-10-06,41900302,Colégio Estadual Nova Esperança,Maringá,Urbana,8º Ano,Matutino,6.3,6.7,10
PR2023352904,Bruno,2006-04-04,41900302,Colégio Estadual Nova Esperança,Maringá,Urbana,2ª EM,Matutino,5.6,6.6,7
PR2023505379,Ana,2010-08-11,41900103,Colégio Estadual Jardim das Flores,CURITIBA,Urbana,6º Ano,Matutino,6.8,6.3,7
PR2023948127,Rafaela,2011-10-02,41900302,Colégio Estadual Nova Esperança,Maringá,Urbana,6º Ano,Matutino,10,7.6,0
PR2023588782,Yasmin,2007-08-31,41900103,Colégio Estadual Jardim das Flores,Curitiba,Urbana,1ª EM,Matutino,5.7,6.4,7
PR2023234705,João,2010-06-03,41900103,Colégio Estadual Jardim das Flores,Curitiba,Urbana,6º Ano,Vespertino,5.6,7.3,6
PR2023209046,Vitor,2011-12-31,41900503,Colégio Estadual do Campo Serra Verde,CASCAVEL,Rural,6º Ano,Matutino,3.7,4.3,11
PR2023301521,Pedro,2006-01-21,41900501,Colégio Estadual Horizonte,Cascavel,Urbana,3ª EM,Matutino,6.5,6.8,0
PR2023487593,João,2011-01-22,41900301,Colégio Estadual Primavera,Maringá,Urbana,6º Ano,Vespertino,5.4,6.1,0
PR2023237438,Carla,2008-09-16,41900102,Colégio Estadual Gralha Azul,Curitiba,Urbana,8º Ano,Matutino,5.1,6.8,9
PR2023279441,Rafaela,2006-10-30,41900302,Colégio Estadual Nova Esperança,Maringá,Urbana,2ª EM,Vespertino,6.5,6.8,13
PR2023820484,Taís,2011-03-18,41900102,Colégio Estadual Gralha Azul,Curitiba,Urbana,7º Ano,Vespertino,8.4,7.4,2
PR2023830549,Carla,2011-03-20,41900401,Colégio Estadual Rio Tibagi,Ponta Grossa,Urbana,6º Ano,Vespertino,6.3,7,0
PR2023457564,Yasmin,2010-12-02,41900101,Colégio Estadual Araucária,Curitiba,Urbana,7º Ano,Vespertino,7.6,7.9,1
PR2023395030,Eduarda,2008-10-27,41900401,Colégio Estadual Rio Tibagi,Ponta Grossa,Urbana,9º Ano,Matutino,6.8,6.9,6
PR2023120313,Bruno,2009-12-19,41900302,Colégio Estadual Nova Esperança,Maringá,Urbana,7º Ano,Vespertino,6,6.5,9
PR2023454501,Heitor,2010-11-05,41900202,Colégio Estadual do Campo Água Clara,Londrina,Rural,6º Ano,Vespertino,7.4,8,3
PR2023703906,Yasmin,2007-05-28,41900502,Colégio Estadual Oeste Paranaense,Cascavel,Urbana,1ª EM,Matutino,6,6,2
PR2023965384,Vitor,2008-04-04,41900301,Colégio Estadual Primavera,Maringá,Urbana,9º Ano,Vespertino,5.4,6.6,4
PR2023403487,Gabriela,2006-03-19,41900302,Colégio Estadual Nova Esperança,Maringá,Urbana,3ª EM,Vespertino,6.5,6.4,11
PR2023827229,Samuel,2006-11-05,41900501,Colégio Estadual Horizonte,Cascavel,Urbana,2ª EM,Vespertino,4.5,5.8,0
PR2023923405,Carla,2011-02-21,41900102,Colégio Estadual Gralha Azul,Curitiba,Urbana,6º Ano,matutino,6.1,5.4,11
PR2023602526,Ana,2007-02-04,41900201,Colégio Estadual Ipê Amarelo,Londrina,Urbana,2ª EM,Vespertino,6.6,7.8,4
PR2023519464,Ana,2008-12-24,41900202,Colégio Estadual do Campo Água Clara,Londrina,Rural,9º Ano,Matutino,8.3,7,3
PR2023196752,Heitor,2009-06-30,41900402,Colégio Estadual do Campo Pinheiral,Ponta Grossa,Rural,8º Ano,Vespertino,3.7,5.3,12
PR2023981306,Bruno,2008-10-09,41900301,Colégio Estadual Primavera,Maringá,Urbana,9º Ano,Matutino,6.3,6.5,13
PR2023694582,Olívia,2012-01-04,41900302,Colégio Estadual Nova Esperança,Maringá,Urbana,6º Ano,Matutino,7.1,6.5,4
PR2023667010,Karina,2007-07-03,41900101,Colégio Estadual Araucária,Curitiba,Urbana,1ª EM,Vespertino,5.5,5.9,6
PR2023746615,Heitor,2005-12-31,41900501,Colégio Estadual Horizonte,Cascavel,Urbana,2ª EM,Vespertino,7.5,7.2,1
PR2023655700,Heitor,2009-11-20,41900101,Colégio Estadual Araucária,Curitiba,Urbana,8º Ano,NOTURNO,5.8,6.2,18
PR2023627283,Lucas,2007-03-09,41900201,Colégio Estadual Ipê Amarelo,Londrina,Urbana,1ª EM,Matutino,5.7,6.5,0
PR2023732090,Taís,2010-07-23,41900102,Colégio Estadual Gralha Azul,Curitiba,Urbana,7º Ano,Matutino,7.1,8,5
PR2023642484,Rafaela,2009-04-22,41900101,Colégio Estadual Araucária,Curitiba,Urbana,8º Ano,Vespertino,5.8,5.6,6
PR2023813483,Isabela,2008-04-10,41900101,Colégio Estadual Araucária,Curitiba,Urbana,9º Ano,Vespertino,6.2,6.2,24
PR2023732616,Ana,2010-01-17,41900101,Colégio Estadual Araucária,CURITIBA,Urbana,8º Ano,Noturno,6.3,8.2,1
PR2023259356,Karina,2010-01-21,41900101,Colégio Estadual Araucária,Curitiba,Urbana,8º Ano,Matutino,6,4.3,4
PR2023542363,Rafaela,2009-02-21,41900102,Colégio Estadual Gralha Azul,Curitiba,Urbana,9º Ano,noturno,5.9,7.2,15
PR2023585825,Lucas,2011-02-11,41900401,Colégio Estadual Rio Tibagi,Ponta Grossa,Urbana,7º Ano,Matutino,6.4,6.9,7
PR2023613696,João,2006-11-19,41900502,Colégio Estadual Oeste Paranaense,Cascavel,Urbana,2ª EM,Matutino,4.3,6.4,3
PR2023798884,Rafaela,2011-01-07,41900302,Colégio Estadual Nova Esperança,Maringá,Urbana,6º Ano,Matutino,6.4,7.5,4
PR2023713086,Eduarda,2006-11-08,41900502,Colégio Estadual Oeste Paranaense,Cascavel,Urbana,1ª EM,Vespertino,6,6.7,10
PR2023451456,Isabela,2007-08-03,41900401,Colégio Estadual Rio Tibagi,Ponta Grossa,Urbana,1ª EM,Matutino,5.7,6.1,7
PR2023147765,Vitor,2007-01-28,41900401,Colégio Estadual Rio Tibagi,Ponta Grossa,Urbana,2ª EM,Matutino,8.7,7.4,4
PR2023607657,Felipe,2007-11-05,41900103,Colégio Estadual Jardim das Flores,Curitiba,Urbana,9º Ano,Noturno,6.1,6.1,14
PR2023805172,Olívia,2006-03-10,41900103,Colégio Estadual Jardim das Flores,Curitiba,Urbana,3ª EM,Matutino,5.2,7.6,10
PR2023236417,Nicolas,2004-07-06,41900501,Colégio Estadual Horizonte,Cascavel,Urbana,3ª EM,Matutino ,7.2,8.5,2
PR2023535511,Gabriela,2008-06-12,41900302,Colégio Estadual Nova Esperança,Maringá,Urbana,9º Ano,Vespertino,6.1,6.3,0
PR2023694091,Carla,2006-02-25,41900102,Colégio Estadual Gralha Azul,Curitiba,Urbana,3ª EM,Noturno,7.3,6.8,5
PR2023870509,Felipe,2010-04-10,41900201,Colégio Estadual Ipê Amarelo,Londrina,Urbana,7º Ano,Matutino,6.9,6.6,7
PR2023499672,Bruno,2005-05-29,41900201,Colégio Estadual Ipê Amarelo,LONDRINA,Urbana,3ª EM,Vespertino,5.2,6.7,3
PR2023566056,Taís,2008-01-16,41900502,Colégio Estadual Oeste Paranaense,Cascavel,Urbana,1ª EM,Vespertino,8.7,8.7,4
PR2023552311,Karina,2007-08-26,41900201,Colégio Estadual Ipê Amarelo,Londrina,Urbana,1ª EM,Noturno,6.3,6.1,8
PR2023959298,Yasmin,2009-10-10,41900301,Colégio Estadual Primavera,Maringá,Urbana,8º Ano,Vespertino,4.9,6.1,9
PR2023779335,Bruno,2011-09-25,41900202,Colégio Estadual do Campo Água Clara,Londrina,Rural,6º Ano,Vespertino,7.9,6.4,1
PR2023706388,Carla,2006-11-02,41900102,Colégio Estadual Gralha Azul,Curitiba,Urbana,1ª EM,Noturno,6.7,5.4,3
PR2023320078,Mariana,2009-04-07,41900101,Colégio Estadual Araucária,Curitiba,Urbana,8º Ano,Vespertino,7.2,7.3,1
PR2023573564,Yasmin,2007-12-03,41900402,Colégio Estadual do Campo Pinheiral,Ponta Grossa,Rural,1ª EM,MATUTINO,6.9,6.8,6
PR2023212002,Ana,2005-05-06,41900401,Colégio Estadual Rio Tibagi,Ponta Grossa,Urbana,2ª EM,matutino,5.4,5.7,11
PR2023280284,Karina,2006-04-27,41900503,Colégio Estadual do Campo Serra Verde,CASCAVEL,Rural,1ª EM,Vespertino,6.3,7.1,3
PR2023151404,Carla,2005-07-11,41900502,Colégio Estadual Oeste Paranaense,CASCAVEL,Urbana,2ª EM,Matutino,3.9,3.4,5
PR2023235921,Pedro,2011-03-27,41900102,Colégio Estadual Gralha Azul,CURITIBA,Urbana,7º Ano,MATUTINO,8.4,7.7,5
PR2023241140,Samuel,2009-05-20,41900502,Colégio Estadual Oeste Paranaense,Cascavel,Urbana,8º Ano,Matutino,7,7.7,6
PR2023988783,João,2008-10-20,41900301,Colégio Estadual Primavera,Maringá,Urbana,9º Ano,noturno,5.5,5,2
PR2023501236,Taís,2009-11-16,41900302,Colégio Estadual Nova Esperança,Maringá,Urbana,8º Ano,Vespertino,6.6,5.6,8
PR2023650715,Nicolas,2009-02-01,41900101,Colégio Estadual Araucária,Curitiba,Urbana,9º Ano,Vespertino,6.7,6.5,2
PR2023514289,Olívia,2009-06-14,41900502,Colégio Estadual Oeste Paranaense,Cascavel,Urbana,7º Ano,Matutino,8.1,7,1
PR2023837817,Rafaela,2010-02-07,41900401,Colégio Estadual Rio Tibagi,Ponta Grossa,Urbana,8º Ano,Vespertino,6.7,7,1
PR2023994096,Isabela,2004-08-09,41900302,Colégio Estadual Nova Esperança,Maringá,Urbana,2ª EM,Vespertino,9.4,8.9,0
PR2023723032,Gabriela,2006-02-23,41900401,Colégio Estadual Rio Tibagi,Ponta Grossa,Urbana,3ª EM,Matutino,5.9,5.1,10
PR2023696998,Carla,2010-04-13,41900201,Colégio Estadual Ipê Amarelo,Londrina,Urbana,7º Ano,Vespertino,6.3,5.9,22
PR2023624937,Mariana,2011-10-17,41900103,Colégio Estadual Jardim das Flores,Curitiba,Urbana,6º Ano,Matutino,7.1,9.7,7
PR2023553669,Isabela,2006-01-01,41900302,Colégio Estadual Nova Esperança,Maringá,Urbana,2ª EM,Matutino,6.8,6.5,3
PR2023902602,Isabela,2004-05-07,41900302,Colégio Estadual Nova Esperança,Maringá,Urbana,3ª EM,matutino,5.8,6.1,6
PR2023995457,Karina,2009-11-13,41900501,Colégio Estadual Horizonte,CASCAVEL,Urbana,7º Ano,Matutino,6.9,7.2,15
PR2023711629,Carla,2007-05-20,41900502,Colégio Estadual Oeste Paranaense,Cascavel,Urbana,1ª EM,Noturno,5,7.5,12
PR2023232114,Bruno,2012-02-01,41900401,Colégio Estadual Rio Tibagi,Ponta Grossa,Urbana,6º Ano,Vespertino,6.6,6.1,13
PR2023804864,Pedro,2007-12-16,41900301,Colégio Estadual Primavera,Maringá,Urbana,1ª EM,Matutino,5.1,5.3,4
PR2023477024,Olívia,2008-11-24,41900202,Colégio Estadual do Campo Água Clara,Londrina,Rural,9º Ano,VESPERTINO,5.7,7,11
PR2023862417,Ana,2007-03-25,41900302,Colégio Estadual Nova Esperança,Maringá,Urbana,2ª EM,Vespertino,7.3,7.8,2
PR2023542512,Taís,2008-09-20,41900501,Colégio Estadual Horizonte,Cascavel,Urbana,9º Ano,Vespertino,6.9,7.6,7
PR2023485536,Eduarda,2009-02-27,41900301,Colégio Estadual Primavera,Maringá,Urbana,9º Ano,Matutino,9.1,8.4,2
PR2023160836,Nicolas,2007-08-10,41900401,Colégio Estadual Rio Tibagi,Ponta Grossa,Urbana,1ª EM,Matutino,3.8,6.9,6
PR2023917833,Mariana,2005-04-04,41900301,Colégio Estadual Primavera,Maringá,Urbana,3ª EM,Vespertino,7.5,6.9,6
PR2023581861,Karina,2006-09-20,41900101,Colégio Estadual Araucária,Curitiba,Urbana,1ª EM,Noturno,4.1,6.2,6
PR2023835609,Ana,2006-08-28,41900103,Colégio Estadual Jardim das Flores,Curitiba,Urbana,2ª EM,Vespertino,6.1,6.9,5
PR2023343302,Felipe,2007-05-13,41900402,Colégio Estadual do Campo Pinheiral,Ponta Grossa,Rural,9º Ano,Vespertino,6.2,6.6,2
PR2023415396,Mariana,2009-11-26,41900401,Colégio Estadual Rio Tibagi,Ponta Grossa,Urbana,6º Ano,Vespertino,7,7.3,2
PR2023539641,Yasmin,2008-04-27,41900201,Colégio Estadual Ipê Amarelo,Londrina,Urbana,8º Ano,Matutino,6.9,6.3,1
PR2023934959,Ana,2010-04-29,41900103,Colégio Estadual Jardim das Flores,Curitiba,Urbana,7º Ano,Noturno,6.9,7.5,5
PR2023799398,Carla,2007-10-23,41900301,Colégio Estadual Primavera,Maringá,Urbana,1ª EM,Vespertino,7.9,9.6,7
PR2023504653,Rafaela,2011-10-27,41900201,Colégio Estadual Ipê Amarelo,Londrina,Urbana,6º Ano,Vespertino,7.4,6.9,0
PR2023137056,Olívia,2006-03-14,41900401,Colégio Estadual Rio Tibagi,Ponta Grossa,Urbana,3ª EM,Vespertino,7.2,6.3,2
PR2023303415,Isabela,2008-08-13,41900502,Colégio Estadual Oeste Paranaense,Cascavel,Urbana,9º Ano,Matutino,6.6,6.8,3
PR2023428054,Eduarda,2006-04-11,41900201,Colégio Estadual Ipê Amarelo,Londrina,Urbana,1ª EM,VESPERTINO,8.5,7.1,3
PR2023206109,Carla,2008-10-11,41900501,Colégio Estadual Horizonte,Cascavel,Urbana,9º Ano,Noturno,6,5.6,1
PR2023285138,Vitor,2011-09-01,41900301,Colégio Estadual Primavera,Maringá,Urbana,6º Ano,Matutino,5.4,6.2,3
PR2023339056,Heitor,2006-11-17,41900401,Colégio Estadual Rio Tibagi,Ponta Grossa,Urbana,1ª EM,MATUTINO,5.3,5,20
PR2023674978,Isabela,2009-11-13,41900402,Colégio Estadual do Campo Pinheiral,Ponta Grossa,Rural,8º Ano,Matutino,4.2,5.2,7
PR2023350519,Gabriela,2011-01-17,41900102,Colégio Estadual Gralha Azul,Curitiba,Urbana,7º Ano,matutino,99,7.7,1
PR2023758541,Nicolas,2011-08-19,41900101,Colégio Estadual Araucária,Curitiba,Urbana,6º Ano,Vespertino,5.9,4.5,2
PR2023706367,Samuel,2009-03-02,41900302,Colégio Estadual Nova Esperança,Maringá,Urbana,8º Ano,Matutino,3.4,6.3,16
PR2023172874,Ana,2006-09-18,41900503,Colégio Estadual do Campo Serra Verde,Cascavel,Rural,2ª EM,Vespertino,6,6.9,5
PR2023830549,Carla,2011-03-20,41900401,Colégio Estadual Rio Tibagi,Ponta Grossa,Urbana,6º Ano,Vespertino,6.3,7,0
PR2023705451,Isabela,2010-08-25,41900103,Colégio Estadual Jardim das Flores,Curitiba,Urbana,7º Ano,Matutino,6.8,8.4,2
PR2023745101,Olívia,2010-12-24,41900101,Colégio Estadual Araucária,Curitiba,Urbana,7º Ano,Vespertino,3.8,4.9,8
PR2023158453,Lucas,2008-11-02,41900401,Colégio Estadual Rio Tibagi,Ponta Grossa,Urbana,9º Ano,Matutino,7,7.3,11
PR2023594386,Gabriela,2005-08-09,41900401,Colégio Estadual Rio Tibagi,Ponta Grossa,Urbana,2ª EM,Vespertino,5.2,3.7,3
PR2023366448,Gabriela,2010-07-25,41900501,Colégio Estadual Horizonte,Cascavel,Urbana,7º Ano,Matutino,7.5,8.4,10
PR2023221242,Vitor,2011-12-31,41900102,Colégio Estadual Gralha Azul,Curitiba,Urbana,6º Ano,Matutino,5.1,5.2,23
PR2023488126,Karina,2008-05-08,41900301,Colégio Estadual Primavera,Maringá,Urbana,9º Ano,Vespertino,5,6.3,1
PR2023455761,Pedro,2006-05-11,41900103,Colégio Estadual Jardim das Flores,Curitiba,Urbana,2ª EM,Vespertino,4.7,5.6,2
PR2023769883,Gabriela,2005-11-20,41900201,Colégio Estadual Ipê Amarelo,Londrina,Urbana,3ª EM,Vespertino,7.3,6.3,5
PR2023297615,Olívia,2005-08-17,41900101,Colégio Estadual Araucária,Curitiba,Urbana,3ª EM,Matutino,5.3,7,5
PR2023731213,Isabela,2007-12-08,41900301,Colégio Estadual Primavera,MARINGÁ,Urbana,1ª EM,Vespertino,7.8,8.6,3
PR2023184051,Taís,2006-05-10,41900101,Colégio Estadual Araucária,Curitiba,Urbana,2ª EM,Matutino,6.3,6.1,11
PR2023726989,Felipe,2006-05-21,41900302,Colégio Estadual Nova Esperança,Maringá,Urbana,2ª EM,Noturno,6.9,6.2,4
PR2023272406,Vitor,2008-08-04,41900401,Colégio Estadual Rio Tibagi,Ponta Grossa,Urbana,8º Ano,Matutino,6.8,8,2
PR2023658523,Nicolas,2010-08-22,41900401,Colégio Estadual Rio Tibagi,Ponta Grossa,Urbana,6º Ano,VESPERTINO,6.3,8.8,3
PR2023835848,Bruno,2009-03-16,41900501,Colégio Estadual Horizonte,Cascavel,Urbana,9º Ano,Matutino,6.5,6.8,2
PR2023330758,Rafaela,2006-01-26,41900101,Colégio Estadual Araucária,Curitiba,Urbana,2ª EM,Matutino,6.7,7.4,0
PR2023764156,Bruno,2005-09-29,41900301,Colégio Estadual Primavera,Maringá,Urbana,3ª EM,Matutino,6.2,4.5,1
PR2023776413,Mariana,2006-04-12,41900502,Colégio Estadual Oeste Paranaense,Cascavel,Urbana,2ª EM,Noturno,99,6.4,17
PR2023856352,Olívia,2010-08-26,41900302,Colégio Estadual Nova Esperança,Maringá,Urbana,7º Ano,Noturno,5,7.9,2
PR2023495903,Bruno,2009-06-25,41900103,Colégio Estadual Jardim das Flores,Curitiba,Urbana,8º Ano,noturno,5,5,18
PR2023995782,Yasmin,2009-04-13,41900101,Colégio Estadual Araucária,Curitiba,Urbana,8º Ano,Matutino,4.4,6.4,12
PR2023161063,Carla,2007-05-19,41900502,Colégio Estadual Oeste Paranaense,CASCAVEL,Urbana,1ª EM,Noturno,4.3,5.5,12
PR2023477848,Nicolas,2009-08-26,41900201,Colégio Estadual Ipê Amarelo,Londrina,Urbana,7º Ano,Matutino,4.8,6.8,3
PR2023903689,Samuel,2008-12-06,41900301,Colégio Estadual Primavera,Maringá,Urbana,9º Ano,Matutino,6.2,99,13
PR2023790155,Yasmin,2011-09-29,41900102,Colégio Estadual Gralha Azul,Curitiba,Urbana,6º Ano,Matutino,5.1,5.9,17
PR2023452641,Bruno,2011-02-16,41900502,Colégio Estadual Oeste Paranaense,Cascavel,Urbana,7º Ano,Vespertino,4.9,5.4,2
PR2023647101,Eduarda,2005-08-10,41900501,Colégio Estadual Horizonte,Cascavel,Urbana,3ª EM,Matutino,6.9,8.1,3
PR2023861258,Olívia,2006-05-14,41900103,Colégio Estadual Jardim das Flores,Curitiba,Urbana,2ª EM,Noturno ,8.4,6.7,8
PR2023391978,Ana,2006-07-05,41900402,Colégio Estadual do Campo Pinheiral,Ponta Grossa,Rural,2ª EM,Vespertino,4.4,5.1,7
PR2023243648,Heitor,2008-04-28,41900401,Colégio Estadual Rio Tibagi,Ponta Grossa,Urbana,9º Ano,Matutino ,4.9,5.9,4
PR2023634072,Gabriela,2008-10-28,41900503,Colégio Estadual do Campo Serra Verde,CASCAVEL,Rural,9º Ano,Vespertino,5.9,7.3,11
PR2023200665,Ana,2008-11-01,41900201,Colégio Estadual Ipê Amarelo,Londrina,Urbana,9º Ano,Vespertino,5.1,7,11
PR2023457059,Pedro,2008-08-31,41900501,Colégio Estadual Horizonte,Cascavel,Urbana,9º Ano,noturno,4.2,6.1,9
PR2023179278,Vitor,2007-07-07,41900301,Colégio Estadual Primavera,Maringá,Urbana,1ª EM,Matutino ,3,5.7,3
PR2023383931,Rafaela,2009-07-26,41900201,Colégio Estadual Ipê Amarelo,Londrina,Urbana,8º Ano,Matutino,6.5,8,3
PR2023402109,Eduarda,2007-04-20,41900401,Colégio Estadual Rio Tibagi,Ponta Grossa,Urbana,1ª EM,matutino,4.1,6.4,13
PR2023524993,Vitor,2007-07-29,41900102,Colégio Estadual Gralha Azul,Curitiba,Urbana,1ª EM,MATUTINO,5.7,6.3,13
PR2023293303,Pedro,2010-01-25,41900201,Colégio Estadual Ipê Amarelo,Londrina,Urbana,8º Ano,Vespertino,6.7,5.8,2
PR2023949999,Isabela,2008-05-09,41900401,Colégio Estadual Rio Tibagi,Ponta Grossa,Urbana,8º Ano,Matutino,10,7.6,2
PR2023291993,Vitor,2005-08-05,41900101,Colégio Estadual Araucária,CURITIBA,Urbana,3ª EM,Vespertino,6.6,6.6,13
PR2023983532,Isabela,2009-07-28,41900502,Colégio Estadual Oeste Paranaense,Cascavel,Urbana,8º Ano,Matutino,6.6,8.1,10
PR2023412925,Isabela,2004-11-04,41900501,Colégio Estadual Horizonte,Cascavel,Urbana,3ª EM,Matutino,9.1,6.8,4
PR2023513461,Pedro,2005-12-02,41900201,Colégio Estadual Ipê Amarelo,Londrina,Urbana,3ª EM,Vespertino,5.6,6.5,3
PR2023848137,Carla,2010-06-25,41900502,Colégio Estadual Oeste Paranaense,Cascavel,Urbana,7º Ano,Matutino,7,8.2,4
PR2023849071,Rafaela,2006-03-09,41900402,Colégio Estadual do Campo Pinheiral,Ponta Grossa,Rural,3ª EM,Vespertino,7.3,6.9,4
PR2023351324,Heitor,2008-09-08,41900502,Colégio Estadual Oeste Paranaense,Cascavel,Urbana,9º Ano,Matutino,6.1,6,1
PR2023697458,Felipe,2008-02-29,41900201,Colégio Estadual Ipê Amarelo,Londrina,Urbana,1ª EM,Matutino,7.1,8.2,1
PR2023216740,Olívia,2008-05-12,41900301,Colégio Estadual Primavera,Maringá,Urbana,9º Ano,Matutino,7.9,8.4,3
PR2023639235,Taís,2006-05-02,41900502,Colégio Estadual Oeste Paranaense,Cascavel,Urbana,2ª EM,Noturno,4.5,7.5,9
PR2023856399,Felipe,2006-09-06,41900401,Colégio Estadual Rio Tibagi,Ponta Grossa,Urbana,2ª EM,Vespertino ,7.5,8.9,2
PR2023194529,Isabela,2007-12-02,41900102,Colégio Estadual Gralha Azul,CURITIBA,Urbana,1ª EM,Vespertino,6.9,6.3,10
PR2023518303,Karina,2007-04-28,41900502,Colégio Estadual Oeste Paranaense,Cascavel,Urbana,1ª EM,matutino,7.2,6.6,10
PR2023100363,Felipe,2006-11-05,41900103,Colégio Estadual Jardim das Flores,Curitiba,Urbana,1ª EM,Matutino,7.6,8.2,0
PR2023270535,Pedro,2008-03-13,41900301,Colégio Estadual Primavera,Maringá,Urbana,9º Ano,MATUTINO,5.9,6.1,7
PR2023321489,Lucas,2005-12-29,41900301,Colégio Estadual Primavera,Maringá,Urbana,3ª EM,Matutino,7.7,8.3,4
PR2023283000,Olívia,2005-04-23,41900502,Colégio Estadual Oeste Paranaense,Cascavel,Urbana,2ª EM,Matutino,5.1,4.5,5
PR2023138232,Heitor,2010-05-17,41900101,Colégio Estadual Araucária,Curitiba,Urbana,7º Ano,Matutino,4.6,7,22
PR2023316923,Mariana,2010-02-10,41900201,Colégio Estadual Ipê Amarelo,LONDRINA,Urbana,8º Ano,Vespertino,5.6,6.1,3
PR2023916217,Taís,2012-03-01,41900302,Colégio Estadual Nova Esperança,Maringá,Urbana,6º Ano,Matutino ,6.7,5.8,5
PR2023387905,Olívia,2005-07-16,41900201,Colégio Estadual Ipê Amarelo,Londrina,Urbana,3ª EM,matutino,5.9,6.2,14
PR2023661483,Vitor,2007-02-12,41900102,Colégio Estadual Gralha Azul,Curitiba,Urbana,2ª EM,Matutino,5.9,6,23
PR2023615172,Pedro,2008-09-23,41900302,Colégio Estadual Nova Esperança,Maringá,Urbana,9º Ano,Vespertino,8.3,8.8,0
PR2023577525,Lucas,2008-11-07,41900103,Colégio Estadual Jardim das Flores,Curitiba,Urbana,9º Ano,Noturno,4.6,5.6,19
PR2023950270,João,2008-07-30,41900502,Colégio Estadual Oeste Paranaense,Cascavel,Urbana,8º Ano,vespertino,8.5,8.2,3
PR2023201153,Heitor,2005-07-09,41900302,Colégio Estadual Nova Esperança,Maringá,Urbana,3ª EM,Noturno,6.5,5.3,21
PR2023208406,Bruno,2009-07-29,41900103,Colégio Estadual Jardim das Flores,Curitiba,Urbana,7º Ano,Matutino,5.8,5.2,3
PR2023723150,Mariana,2005-09-11,41900101,Colégio Estadual Araucária,Curitiba,Urbana,3ª EM,Vespertino,7.6,6,3
PR2023776229,Diego,2006-04-11,41900201,Colégio Estadual Ipê Amarelo,Londrina,Urbana,2ª EM,Matutino,8.6,8.4,1
PR2023456432,Eduarda,2010-10-27,41900301,Colégio Estadual Primavera,Maringá,Urbana,7º Ano,Matutino,5.3,5.9,2
PR2023305371,Yasmin,2010-12-12,41900401,Colégio Estadual Rio Tibagi,Ponta Grossa,Urbana,7º Ano,Matutino,6.3,7.2,4
PR2023336902,Taís,2006-06-29,41900201,Colégio Estadual Ipê Amarelo,Londrina,Urbana,2ª EM,Matutino,6.3,7.4,9
PR2023893077,Yasmin,2007-09-04,41900502,Colégio Estadual Oeste Paranaense,Cascavel,Urbana,9º Ano,Matutino,6.3,7.6,2
PR2023591021,Lucas,2006-07-07,41900102,Colégio Estadual Gralha Azul,Curitiba,Urbana,2ª EM,Vespertino,7.8,7.6,2
PR2023550991,Ana,2006-11-11,41900102,Colégio Estadual Gralha Azul,Curitiba,Urbana,2ª EM,Matutino,6.3,6.8,13
PR2023508782,Karina,2009-11-08,41900501,Colégio Estadual Horizonte,Cascavel,Urbana,7º Ano,Vespertino,8.4,8.3,2
PR2023282276,Ana,2011-03-18,41900102,Colégio Estadual Gralha Azul,Curitiba,Urbana,7º Ano,Noturno,6.5,5.8,4
PR2023818790,Felipe,2005-07-19,41900101,Colégio Estadual Araucária,Curitiba,Urbana,2ª EM,Matutino,6.9,6.8,4
PR2023690333,Rafaela,2005-05-22,41900402,Colégio Estadual do Campo Pinheiral,Ponta Grossa,Rural,3ª EM,Vespertino,7.4,7.8,5
PR2023875827,Carla,2006-02-26,41900402,Colégio Estadual do Campo Pinheiral,Ponta Grossa,Rural,3ª EM,Matutino,5.6,6.8,4
PR2023990836,Ana,2007-07-14,41900401,Colégio Estadual Rio Tibagi,Ponta Grossa,Urbana,1ª EM,Matutino,7,6.1,7
PR2023960279,Gabriela,2008-02-11,41900301,Colégio Estadual Primavera,Maringá,Urbana,1ª EM,Vespertino,6.6,8.4,16
PR2023891111,Bruno,2005-07-23,41900302,Colégio Estadual Nova Esperança,Maringá,Urbana,2ª EM,Matutino,7,6.5,14
PR2023972864,João,2010-10-17,41900101,Colégio Estadual Araucária,Curitiba,Urbana,7º Ano,Noturno,5.8,5.9,7
PR2023366688,Eduarda,2004-07-31,41900302,Colégio Estadual Nova Esperança,Maringá,Urbana,3ª EM,Vespertino,99,6.6,5
PR2023219351,Samuel,2006-04-19,41900302,Colégio Estadual Nova Esperança,Maringá,Urbana,2ª EM,Noturno,5.2,6.3,1
PR2023481095,Gabriela,2004-11-14,41900201,Colégio Estadual Ipê Amarelo,Londrina,Urbana,3ª EM,Vespertino,6.9,7,4
PR2023600393,Diego,2004-05-21,41900202,Colégio Estadual do Campo Água Clara,Londrina,Rural,3ª EM,Vespertino,7.4,6.7,5
PR2023847558,Vitor,2010-12-09,41900501,Colégio Estadual Horizonte,Cascavel,Urbana,7º Ano,Vespertino,7.1,8,12
PR2023245486,Karina,2005-12-02,41900102,Colégio Estadual Gralha Azul,Curitiba,Urbana,2ª EM,Matutino,6.1,6.2,1
PR2023181237,Ana,2007-07-21,41900201,Colégio Estadual Ipê Amarelo,Londrina,Urbana,1ª EM,Matutino,6.6,7.9,2
PR2023398762,Ana,2011-07-23,41900201,Colégio Estadual Ipê Amarelo,Londrina,Urbana,6º Ano,Noturno,6.7,7.5,5
PR2023201195,Mariana,2010-07-12,41900502,Colégio Estadual Oeste Paranaense,Cascavel,Urbana,7º Ano,Vespertino,6.5,7.1,6
PR2023630641,Vitor,2010-07-30,41900402,Colégio Estadual do Campo Pinheiral,PONTA GROSSA,Rural,7º Ano,Matutino,3.9,7.1,2
PR2023739744,Taís,2010-03-09,41900501,Colégio Estadual Horizonte,Cascavel,Urbana,8º Ano,Matutino,8.2,6.8,3
PR2023654616,Bruno,2010-03-27,41900201,Colégio Estadual Ipê Amarelo,Londrina,Urbana,7º Ano,Noturno,5.6,5.9,16
PR2023864159,Gabriela,2011-11-14,41900402,Colégio Estadual do Campo Pinheiral,Ponta Grossa,Rural,6º Ano,Matutino,5.6,5.6,2
PR2023577656,Karina,2011-01-19,41900502,Colégio Estadual Oeste Paranaense,Cascavel,Urbana,7º Ano,noturno,6,5,11
PR2023100432,Mariana,2010-01-10,41900502,Colégio Estadual Oeste Paranaense,Cascavel,Urbana,8º Ano,Matutino,7.7,7.1,3
PR2023980601,Carla,2008-09-02,41900502,Colégio Estadual Oeste Paranaense,Cascavel,Urbana,9º Ano,Noturno,6.5,4.7,4
PR2023586824,Yasmin,2005-05-20,41900202,Colégio Estadual do Campo Água Clara,Londrina,Rural,3ª EM,Matutino,5.6,4.8,3
PR2023165488,Taís,2012-03-09,41900101,Colégio Estadual Araucária,Curitiba,Urbana,6º Ano,Matutino,6.9,7.2,8
PR2023947114,João,2011-01-18,41900501,Colégio Estadual Horizonte,Cascavel,Urbana,7º Ano,Vespertino,5.5,6.9,11
PR2023267266,Felipe,2010-06-16,41900501,Colégio Estadual Horizonte,Cascavel,Urbana,7º Ano,Noturno,6.6,6.2,5
PR2023383354,Vitor,2008-07-06,41900103,Colégio Estadual Jardim das Flores,Curitiba,Urbana,7º Ano,VESPERTINO,5.4,7,19
PR2023373291,Diego,2008-09-16,41900102,Colégio Estadual Gralha Azul,Curitiba,Urbana,8º Ano,Noturno,3.5,7.1,23
PR2023578170,Nicolas,2007-01-09,41900102,Colégio Estadual Gralha Azul,Curitiba,Urbana,2ª EM,Matutino,5.3,5.6,2
PR2023219759,Heitor,2008-06-16,41900401,Colégio Estadual Rio Tibagi,Ponta Grossa,Urbana,9º Ano,VESPERTINO,6.1,7.2,4
PR2023608250,João,2009-01-12,41900501,Colégio Estadual Horizonte,Cascavel,Urbana,8º Ano,Matutino,7,6.2,1
PR2023349891,Mariana,2011-12-07,41900101,Colégio Estadual Araucária,Curitiba,Urbana,6º Ano,Matutino,6.2,7.5,2
PR2023136197,Nicolas,2009-07-22,41900103,Colégio Estadual Jardim das Flores,Curitiba,Urbana,8º Ano,Matutino,6,5.8,2
PR2023344647,Taís,2009-07-11,41900402,Colégio Estadual do Campo Pinheiral,Ponta Grossa,Rural,8º Ano,Vespertino,7.4,6.9,3
PR2023834890,Carla,2012-01-04,41900501,Colégio Estadual Horizonte,Cascavel,Urbana,6º Ano,Noturno,7,7.6,3
PR2023387905,Olívia,2005-07-16,41900201,Colégio Estadual Ipê Amarelo,Londrina,Urbana,3ª EM,matutino,5.9,6.2,14
PR2023811508,Eduarda,2011-10-17,41900301,Colégio Estadual Primavera,Maringá,Urbana,6º Ano,Matutino,6.5,6.9,1
PR2023995399,Felipe,2006-11-24,41900101,Colégio Estadual Araucária,Curitiba,Urbana,2ª EM,Noturno,5,6.5,0
PR2023935682,Eduarda,2007-02-03,41900501,Colégio Estadual Horizonte,Cascavel,Urbana,2ª EM,Matutino,7.1,7.3,0
PR2023154047,Nicolas,2010-11-05,41900103,Colégio Estadual Jardim das Flores,Curitiba,Urbana,6º Ano,Matutino,4.2,6.3,20
PR2023224778,Taís,2008-12-29,41900301,Colégio Estadual Primavera,Maringá,Urbana,9º Ano,Noturno,5.2,5.8,2
PR2023809458,Karina,2009-02-11,41900101,Colégio Estadual Araucária,Curitiba,Urbana,9º Ano,Vespertino,7.7,7.4,16
PR2023133040,Eduarda,2011-03-20,41900401,Colégio Estadual Rio Tibagi,Ponta Grossa,Urbana,7º Ano,Matutino,6,7,2
PR2023899512,Bruno,2008-07-12,41900302,Colégio Estadual Nova Esperança,Maringá,Urbana,9º Ano,Matutino,7.7,6.5,14
PR2023126377,Yasmin,2007-10-22,41900302,Colégio Estadual Nova Esperança,Maringá,Urbana,1ª EM,Vespertino,5.2,7.4,2
PR2023372913,Olívia,2008-10-16,41900202,Colégio Estadual do Campo Água Clara,Londrina,Rural,9º Ano,Vespertino,4.8,5.9,10
PR2023664575,Lucas,2009-01-08,41900102,Colégio Estadual Gralha Azul,Curitiba,Urbana,9º Ano,Matutino,6.1,6.8,9
PR2023759730,João,2005-07-11,41900301,Colégio Estadual Primavera,MARINGÁ,Urbana,2ª EM,Noturno ,5.1,6.3,5
PR2023102240,Olívia,2005-04-26,41900201,Colégio Estadual Ipê Amarelo,Londrina,Urbana,3ª EM,Vespertino,6.1,6.3,1
PR2023473588,Samuel,2011-09-11,41900402,Colégio Estadual do Campo Pinheiral,Ponta Grossa,Rural,6º Ano,Noturno,5.5,6.3,16
PR2023107379,Pedro,2010-01-31,41900202,Colégio Estadual do Campo Água Clara,Londrina,Rural,8º Ano,VESPERTINO,5.5,6.5,4
PR2023902575,Rafaela,2010-05-23,41900201,Colégio Estadual Ipê Amarelo,Londrina,Urbana,7º Ano,Matutino,6.8,8.6,2
PR2023909403,Gabriela,2006-06-16,41900201,Colégio Estadual Ipê Amarelo,Londrina,Urbana,2ª EM,NOTURNO,6.4,6.6,9
PR2023908046,Vitor,2005-05-17,41900103,Colégio Estadual Jardim das Flores,Curitiba,Urbana,3ª EM,Vespertino,9.2,8.9,10
PR2023158550,Ana,2011-01-11,41900401,Colégio Estadual Rio Tibagi,Ponta Grossa,Urbana,6º Ano,Vespertino,6.6,8,4
PR2023719373,Gabriela,2008-02-01,41900402,Colégio Estadual do Campo Pinheiral,PONTA GROSSA,Rural,1ª EM,Vespertino,5,5.2,19
PR2023922519,Vitor,2011-08-07,41900302,Colégio Estadual Nova Esperança,Maringá,Urbana,6º Ano,Vespertino,7.4,8.7,4
PR2023285111,João,2007-03-18,41900103,Colégio Estadual Jardim das Flores,Curitiba,Urbana,2ª EM,MATUTINO,4.6,5.9,16
PR2023471383,Pedro,2006-11-24,41900401,Colégio Estadual Rio Tibagi,Ponta Grossa,Urbana,1ª EM,Matutino,6.1,6.1,3
PR2023817076,Nicolas,2007-04-17,41900401,Colégio Estadual Rio Tibagi,PONTA GROSSA,Urbana,1ª EM,Vespertino,6.1,6.7,7
PR2023219445,Eduarda,2009-08-06,41900302,Colégio Estadual Nova Esperança,Maringá,Urbana,8º Ano,Matutino,6.1,6.1,6
PR2023942365,Lucas,2009-03-11,41900502,Colégio Estadual Oeste Paranaense,Cascavel,Urbana,9º Ano,Vespertino,6.6,7.2,1
PR2023495811,Eduarda,2011-10-01,41900503,Colégio Estadual do Campo Serra Verde,Cascavel,Rural,6º Ano,Matutino,8.1,6,12
PR2023384111,Yasmin,2009-05-08,41900103,Colégio Estadual Jardim das Flores,CURITIBA,Urbana,8º Ano,Vespertino,5.6,5.9,30
PR2023141558,Olívia,2012-02-07,41900402,Colégio Estadual do Campo Pinheiral,Ponta Grossa,Rural,6º Ano,Matutino,5.9,7.3,10
PR2023525611,Taís,2008-01-18,41900302,Colégio Estadual Nova Esperança,Maringá,Urbana,1ª EM,Vespertino,6.7,8.5,2
PR2023787061,Nicolas,2011-09-20,41900202,Colégio Estadual do Campo Água Clara,LONDRINA,Rural,6º Ano,Vespertino,6.2,6.6,9
PR2023507812,Ana,2011-01-26,41900201,Colégio Estadual Ipê Amarelo,Londrina,Urbana,7º Ano,Matutino,6.2,8.6,2
PR2023122193,Felipe,2008-07-13,41900503,Colégio Estadual do Campo Serra Verde,Cascavel,Rural,9º Ano,Vespertino,5,5.4,1
PR2023591702,Heitor,2009-06-03,41900401,Colégio Estadual Rio Tibagi,Ponta Grossa,Urbana,8º Ano,Matutino ,7.6,6.6,4
PR2023835603,Taís,2007-05-20,41900302,Colégio Estadual Nova Esperança,Maringá,Urbana,1ª EM,Matutino,4,6.4,15
PR2023937591,Mariana,2012-01-26,41900301,Colégio Estadual Primavera,Maringá,Urbana,6º Ano,Vespertino,4.6,7,26
PR2023517216,Olívia,2010-06-25,41900501,Colégio Estadual Horizonte,Cascavel,Urbana,7º Ano,Matutino,6,5.7,6
PR2023509988,Isabela,2010-10-08,41900103,Colégio Estadual Jardim das Flores,CURITIBA,Urbana,6º Ano,Vespertino,6.4,6.1,4
PR2023258322,Lucas,2008-06-15,41900101,Colégio Estadual Araucária,Curitiba,Urbana,9º Ano,Matutino,7.1,5.7,10
PR2023997442,Felipe,2011-02-25,41900501,Colégio Estadual Horizonte,Cascavel,Urbana,7º Ano,Noturno,5.5,6.6,24
PR2023679362,Vitor,2008-10-15,41900301,Colégio Estadual Primavera,Maringá,Urbana,8º Ano,NOTURNO,7.3,5.8,9
PR2023787937,Isabela,2008-11-12,41900501,Colégio Estadual Horizonte,Cascavel,Urbana,8º Ano,Noturno,5.1,5.8,10
PR2023452598,Taís,2005-09-03,41900501,Colégio Estadual Horizonte,Cascavel,Urbana,3ª EM,vespertino,7.8,8.1,1
PR2023345144,Diego,2010-06-01,41900402,Colégio Estadual do Campo Pinheiral,Ponta Grossa,Rural,6º Ano,Matutino,6.8,7.5,1
PR2023530502,Gabriela,2011-02-16,41900401,Colégio Estadual Rio Tibagi,Ponta Grossa,Urbana,7º Ano,matutino,5.3,4.9,6
PR2023270021,Olívia,2011-10-14,41900401,Colégio Estadual Rio Tibagi,Ponta Grossa,Urbana,6º Ano,noturno,9.1,8.4,4
PR2023977511,Karina,2007-01-01,41900201,Colégio Estadual Ipê Amarelo,Londrina,Urbana,2ª EM,Matutino,5.1,6.1,8
PR2023239575,Heitor,2008-06-02,41900301,Colégio Estadual Primavera,Maringá,Urbana,9º Ano,Noturno,6.1,7.5,2
PR2023815334,Heitor,2007-07-28,41900103,Colégio Estadual Jardim das Flores,Curitiba,Urbana,1ª EM,Matutino,6.7,6.9,24
PR2023287740,Gabriela,2011-05-09,41900103,Colégio Estadual Jardim das Flores,Curitiba,Urbana,6º Ano,matutino,6.2,6.6,9
PR2023603870,Heitor,2005-11-04,41900102,Colégio Estadual Gralha Azul,Curitiba,Urbana,3ª EM,Matutino,5.9,99,10
PR2023327398,Taís,2009-01-17,41900201,Colégio Estadual Ipê Amarelo,Londrina,Urbana,9º Ano,Noturno,5.8,8.2,0
PR2023945815,Rafaela,2008-10-24,41900101,Colégio Estadual Araucária,Curitiba,Urbana,9º Ano,Vespertino,5.1,5.9,6
PR2023577691,Isabela,2008-03-03,41900202,Colégio Estadual do Campo Água Clara,Londrina,Rural,1ª EM,Vespertino,5.4,5.4,5
PR2023635124,Olívia,2009-08-29,41900502,Colégio Estadual Oeste Paranaense,Cascavel,Urbana,8º Ano,Vespertino,7.1,6,21
PR2023820632,Nicolas,2007-01-20,41900101,Colégio Estadual Araucária,Curitiba,Urbana,2ª EM,Noturno,5.5,6.2,16
PR2023223886,Carla,2006-06-21,41900401,Colégio Estadual Rio Tibagi,Ponta Grossa,Urbana,2ª EM,Matutino,4.9,4.5,8
PR2023188597,Karina,2010-02-02,41900301,Colégio Estadual Primavera,Maringá,Urbana,8º Ano,Matutino,6.1,8,9
PR2023669585,Eduarda,2011-09-30,41900502,Colégio Estadual Oeste Paranaense,Cascavel,Urbana,6º Ano,Matutino,7.1,7,10
PR2023314205,Rafaela,2006-12-03,41900502,Colégio Estadual Oeste Paranaense,Cascavel,Urbana,2ª EM,Matutino,6.1,5.9,3
PR2023906595,Eduarda,2007-04-04,41900301,Colégio Estadual Primavera,Maringá,Urbana,1ª EM,Vespertino,7.1,6.4,6
PR2023722205,Nicolas,2005-05-09,41900502,Colégio Estadual Oeste Paranaense,Cascavel,Urbana,2ª EM,Vespertino,3.8,5.9,12
PR2023655465,João,2011-05-11,41900301,Colégio Estadual Primavera,Maringá,Urbana,6º Ano,Matutino,5.5,7,1
PR2023281799,João,2009-07-30,41900301,Colégio Estadual Primavera,MARINGÁ,Urbana,8º Ano,Vespertino,6.4,7.8,2
PR2023434456,Isabela,2009-06-16,41900102,Colégio Estadual Gralha Azul,Curitiba,Urbana,8º Ano,Noturno,6.6,6.8,10
PR2023403486,Heitor,2007-11-02,41900503,Colégio Estadual do Campo Serra Verde,CASCAVEL,Rural,1ª EM,Matutino,7.3,6.8,6
PR2023617054,Ana,2011-10-21,41900401,Colégio Estadual Rio Tibagi,Ponta Grossa,Urbana,6º Ano,Vespertino,6.6,7.4,11
PR2023886354,Pedro,2007-08-04,41900401,Colégio Estadual Rio Tibagi,Ponta Grossa,Urbana,9º Ano,Matutino,5.8,6.9,10
PR2023490140,João,2007-08-25,41900102,Colégio Estadual Gralha Azul,Curitiba,Urbana,1ª EM,Vespertino,4.7,5.1,17
PR2023236686,Nicolas,2007-08-24,41900501,Colégio Estadual Horizonte,Cascavel,Urbana,1ª EM,Vespertino,3.8,6,33
PR2023411947,Olívia,2011-05-30,41900301,Colégio Estadual Primavera,Maringá,Urbana,6º Ano,Matutino,7.7,9.8,0
PR2023571950,Carla,2009-12-17,41900103,Colégio Estadual Jardim das Flores,Curitiba,Urbana,8º Ano,Vespertino,5,7.2,2
PR2023506175,João,2009-07-04,41900401,Colégio Estadual Rio Tibagi,Ponta Grossa,Urbana,8º Ano,Matutino,7.9,7,8
PR2023167827,Yasmin,2006-12-22,41900201,Colégio Estadual Ipê Amarelo,Londrina,Urbana,2ª EM,Vespertino,5.3,6.7,16
PR2023612193,Pedro,2005-08-07,41900402,Colégio Estadual do Campo Pinheiral,Ponta Grossa,Rural,3ª EM,Noturno,7.9,6,2
PR2023707603,Isabela,2006-02-14,41900102,Colégio Estadual Gralha Azul,Curitiba,Urbana,3ª EM,NOTURNO,7.4,6.3,10
PR2023308229,Yasmin,2012-01-07,41900501,Colégio Estadual Horizonte,Cascavel,Urbana,6º Ano,Matutino,7.7,7.9,3
PR2023409751,Samuel,2009-12-14,41900201,Colégio Estadual Ipê Amarelo,Londrina,Urbana,7º Ano,Vespertino,5.9,6.9,11
PR2023224217,Samuel,2007-04-16,41900402,Colégio Estadual do Campo Pinheiral,Ponta Grossa,Rural,1ª EM,Matutino,4.1,4.4,4
PR2023165559,Carla,2008-03-23,41900502,Colégio Estadual Oeste Paranaense,Cascavel,Urbana,9º Ano,Noturno,5,6,17
PR2023148270,João,2006-09-29,41900401,Colégio Estadual Rio Tibagi,Ponta Grossa,Urbana,2ª EM,Matutino,5.9,8.1,4
PR2023366558,Carla,2007-11-05,41900501,Colégio Estadual Horizonte,Cascavel,Urbana,1ª EM,Matutino,4.6,7.5,10
PR2023270277,Lucas,2006-12-30,41900101,Colégio Estadual Araucária,Curitiba,Urbana,2ª EM,Matutino,8.5,8.1,4
PR2023288381,Yasmin,2009-09-26,41900301,Colégio Estadual Primavera,Maringá,Urbana,8º Ano,Matutino,5.5,5.9,3
PR2023392875,Heitor,2011-02-14,41900401,Colégio Estadual Rio Tibagi,Ponta Grossa,Urbana,6º Ano,Vespertino,7.3,8.2,3
PR2023109827,Eduarda,2007-01-08,41900402,Colégio Estadual do Campo Pinheiral,Ponta Grossa,Rural,2ª EM,Matutino,6.7,6.1,10
PR2023279890,Felipe,2007-09-19,41900201,Colégio Estadual Ipê Amarelo,Londrina,Urbana,9º Ano,Matutino,7.7,6.1,7
PR2023318256,Karina,2005-02-08,41900401,Colégio Estadual Rio Tibagi,Ponta Grossa,Urbana,3ª EM,Matutino,4.8,7.9,9
PR2023566674,Felipe,2008-11-07,41900103,Colégio Estadual Jardim das Flores,Curitiba,Urbana,8º Ano,Vespertino,6.3,5.9,1
PR2023471711,Yasmin,2006-07-22,41900201,Colégio Estadual Ipê Amarelo,Londrina,Urbana,2ª EM,Matutino,5.8,6.4,15
PR2023739523,Isabela,2009-04-08,41900101,Colégio Estadual Araucária,Curitiba,Urbana,8º Ano,Matutino,8.2,4.7,6
PR2023641792,Ana,2011-12-15,41900101,Colégio Estadual Araucária,Curitiba,Urbana,6º Ano,Noturno,4.8,5.3,14
PR2023298824,Pedro,2008-06-30,41900502,Colégio Estadual Oeste Paranaense,Cascavel,Urbana,9º Ano,Noturno,5.4,6,8
PR2023806317,Nicolas,2009-05-09,41900503,Colégio Estadual do Campo Serra Verde,Cascavel,Rural,8º Ano,Matutino ,5,5.9,8
PR2023224137,Bruno,2007-08-15,41900103,Colégio Estadual Jardim das Flores,Curitiba,Urbana,1ª EM,Matutino ,7.1,7.2,7
PR2023836473,Samuel,2009-10-10,41900401,Colégio Estadual Rio Tibagi,Ponta Grossa,Urbana,8º Ano,Vespertino,7.7,8.7,0
PR2023357759,João,2006-01-24,41900301,Colégio Estadual Primavera,Maringá,Urbana,3ª EM,Matutino,6.9,6.9,11
PR2023410710,Samuel,2008-09-04,41900501,Colégio Estadual Horizonte,Cascavel,Urbana,9º Ano,Matutino,4.5,5.2,11
PR2023256935,Lucas,2011-01-07,41900102,Colégio Estadual Gralha Azul,Curitiba,Urbana,7º Ano,Vespertino,7.3,7.1,6
PR2023693963,Mariana,2008-01-14,41900501,Colégio Estadual Horizonte,Cascavel,Urbana,9º Ano,Matutino,6.7,7,25
PR2023693125,Felipe,2008-11-27,41900502,Colégio Estadual Oeste Paranaense,Cascavel,Urbana,9º Ano,Matutino,6.4,7,5
PR2023243809,Isabela,2011-08-18,41900502,Colégio Estadual Oeste Paranaense,Cascavel,Urbana,6º Ano,Matutino,6.8,6.2,8
PR2023589374,Taís,2011-03-18,41900102,Colégio Estadual Gralha Azul,Curitiba,Urbana,7º Ano,Matutino ,5.5,5.2,5
PR2023524414,Gabriela,2005-12-24,41900201,Colégio Estadual Ipê Amarelo,Londrina,Urbana,3ª EM,Noturno,10,9.1,5
PR2023254987,Nicolas,2005-10-19,41900102,Colégio Estadual Gralha Azul,Curitiba,Urbana,3ª EM,Vespertino,6.2,6.5,4
PR2023764629,Lucas,2006-04-24,41900301,Colégio Estadual Primavera,Maringá,Urbana,1ª EM,Matutino,5.6,5.7,7
PR2023810777,Yasmin,2009-12-31,41900402,Colégio Estadual do Campo Pinheiral,Ponta Grossa,Rural,8º Ano,Vespertino ,5.5,6.5,4
PR2023655315,Samuel,2011-10-14,41900103,Colégio Estadual Jardim das Flores,Curitiba,Urbana,6º Ano,Matutino,4.8,7.1,6
PR2023730315,Pedro,2006-09-16,41900102,Colégio Estadual Gralha Azul,Curitiba,Urbana,2ª EM,Vespertino,5.8,6,1
PR2023922149,Heitor,2011-01-07,41900503,Colégio Estadual do Campo Serra Verde,Cascavel,Rural,7º Ano,Matutino,6.8,6.7,18
PR2023407232,Felipe,2006-02-23,41900103,Colégio Estadual Jardim das Flores,Curitiba,Urbana,3ª EM,Vespertino ,7.1,7.2,4
PR2023779641,Ana,2006-07-10,41900101,Colégio Estadual Araucária,Curitiba,Urbana,2ª EM,Vespertino,7.4,6.8,10
PR2023420134,Bruno,2010-08-31,41900101,Colégio Estadual Araucária,Curitiba,Urbana,6º Ano,Vespertino,6.6,9.4,6
PR2023599501,Mariana,2011-10-04,41900201,Colégio Estadual Ipê Amarelo,Londrina,Urbana,6º Ano,Vespertino,5.1,6.6,7
PR2023374930,Vitor,2006-01-02,41900201,Colégio Estadual Ipê Amarelo,Londrina,Urbana,3ª EM,Matutino,5.7,6.1,8
PR2023322543,Carla,2009-12-23,41900301,Colégio Estadual Primavera,Maringá,Urbana,8º Ano,Vespertino,3.6,5.6,4
PR2023440879,Felipe,2008-11-06,41900502,Colégio Estadual Oeste Paranaense,Cascavel,Urbana,9º Ano,Matutino,6.8,9,3
PR2023164675,Gabriela,2008-02-06,41900302,Colégio Estadual Nova Esperança,Maringá,Urbana,9º Ano,Matutino,8.9,8.5,5
PR2023234741,João,2009-08-02,41900502,Colégio Estadual Oeste Paranaense,Cascavel,Urbana,7º Ano,Matutino,8.5,9,3
PR2023919627,Vitor,2010-05-17,41900101,Colégio Estadual Araucária,Curitiba,Urbana,7º Ano,Vespertino,8,6.3,2
PR2023522173,Taís,2011-09-21,41900102,Colégio Estadual Gralha Azul,Curitiba,Urbana,6º Ano,Vespertino,7.3,7,1
PR2023636627,Vitor,2004-11-04,41900301,Colégio Estadual Primavera,Maringá,Urbana,3ª EM,Vespertino,7.1,6.1,4
PR2023684773,Isabela,2010-05-04,41900401,Colégio Estadual Rio Tibagi,PONTA GROSSA,Urbana,7º Ano,Matutino,5.5,5.8,9
PR2023432742,Vitor,2011-04-07,41900401,Colégio Estadual Rio Tibagi,Ponta Grossa,Urbana,6º Ano,Matutino ,5,5.6,6
PR2023573249,Taís,2007-10-31,41900402,Colégio Estadual do Campo Pinheiral,Ponta Grossa,Rural,9º Ano,MATUTINO,5.9,5.7,6
PR2023538407,Taís,2009-10-24,41900201,Colégio Estadual Ipê Amarelo,Londrina,Urbana,8º Ano,Matutino,5.6,5.4,2
PR2023331460,Lucas,2010-06-09,41900101,Colégio Estadual Araucária,Curitiba,Urbana,7º Ano,Vespertino,4.1,6.3,10
PR2023636467,Diego,2005-08-18,41900102,Colégio Estadual Gralha Azul,CURITIBA,Urbana,2ª EM,Matutino,7.4,7.1,2
PR2023980063,Isabela,2007-11-21,41900201,Colégio Estadual Ipê Amarelo,Londrina,Urbana,1ª EM,Matutino ,7.9,7.9,7
PR2023516675,Heitor,2012-02-03,41900501,Colégio Estadual Horizonte,Cascavel,Urbana,6º Ano,Matutino,8.8,8,0
PR2023321425,Felipe,2010-04-23,41900401,Colégio Estadual Rio Tibagi,Ponta Grossa,Urbana,7º Ano,Vespertino,5.6,7.2,3
PR2023158435,Vitor,2007-02-26,41900501,Colégio Estadual Horizonte,CASCAVEL,Urbana,1ª EM,MATUTINO,5,8.1,2
PR2023136197,Nicolas,2009-07-22,41900103,Colégio Estadual Jardim das Flores,Curitiba,Urbana,8º Ano,Matutino,6,5.8,2
PR2023432801,Vitor,2008-03-12,41900101,Colégio Estadual Araucária,Curitiba,Urbana,1ª EM,Noturno,5.7,6.4,16
PR2023308462,João,2008-09-06,41900201,Colégio Estadual Ipê Amarelo,Londrina,Urbana,9º Ano,Matutino,4.2,6.2,7
PR2023724474,Ana,2010-01-26,41900502,Colégio Estadual Oeste Paranaense,Cascavel,Urbana,8º Ano,Matutino,5,5.6,4
PR2023650177,Pedro,2008-06-08,41900201,Colégio Estadual Ipê Amarelo,Londrina,Urbana,8º Ano,Noturno,4,5.6,21
PR2023433095,Nicolas,2011-04-29,41900501,Colégio Estadual Horizonte,Cascavel,Urbana,6º Ano,Matutino,4.8,6.1,4
PR2023411186,Eduarda,2006-12-01,41900103,Colégio Estadual Jardim das Flores,Curitiba,Urbana,2ª EM,Matutino,7.2,9.3,5
PR2023469858,Taís,2005-05-01,41900102,Colégio Estadual Gralha Azul,CURITIBA,Urbana,3ª EM,Vespertino,4.4,6.1,6
PR2023692929,Ana,2005-03-03,41900503,Colégio Estadual do Campo Serra Verde,Cascavel,Rural,3ª EM,Matutino,6.2,5.9,6
PR2023638249,Diego,2008-09-19,41900201,Colégio Estadual Ipê Amarelo,Londrina,Urbana,8º Ano,Matutino ,5.2,7,8
PR2023168868,Pedro,2006-12-28,41900101,Colégio Estadual Araucária,Curitiba,Urbana,2ª EM,Matutino,6.6,7.2,5
PR2023274978,Heitor,2010-09-04,41900103,Colégio Estadual Jardim das Flores,CURITIBA,Urbana,7º Ano,Vespertino,5.7,5.9,2
PR2023812908,Ana,2009-06-29,41900101,Colégio Estadual Araucária,Curitiba,Urbana,7º Ano,Noturno,6,5.2,0
PR2023385337,Ana,2005-06-30,41900502,Colégio Estadual Oeste Paranaense,Cascavel,Urbana,3ª EM,Vespertino,2.8,3.5,20
PR2023694948,João,2004-06-21,41900301,Colégio Estadual Primavera,MARINGÁ,Urbana,3ª EM,Matutino,6.1,6.2,4
PR2023905922,Diego,2011-07-05,41900302,Colégio Estadual Nova Esperança,MARINGÁ,Urbana,6º Ano,matutino,7.6,9,2
PR2023705626,Felipe,2007-12-15,41900501,Colégio Estadual Horizonte,Cascavel,Urbana,1ª EM,Vespertino,4.5,5.3,8
PR2023718979,Olívia,2011-09-19,41900202,Colégio Estadual do Campo Água Clara,Londrina,Rural,6º Ano,Matutino,5.5,5.1,26
PR2023152794,Isabela,2008-08-11,41900502,Colégio Estadual Oeste Paranaense,Cascavel,Urbana,9º Ano,Matutino,4.3,5.1,10
PR2023878561,Karina,2009-02-22,41900301,Colégio Estadual Primavera,Maringá,Urbana,9º Ano,Matutino,4.7,5.5,20
PR2023709138,Bruno,2011-07-21,41900301,Colégio Estadual Primavera,Maringá,Urbana,6º Ano,Vespertino,6,6.7,1
PR2023250702,Taís,2010-01-29,41900101,Colégio Estadual Araucária,Curitiba,Urbana,8º Ano,Matutino,8.6,7.4,7
PR2023239748,Carla,2005-03-17,41900302,Colégio Estadual Nova Esperança,Maringá,Urbana,3ª EM,NOTURNO,7.1,7.8,7
PR2023498550,Eduarda,2007-08-25,41900501,Colégio Estadual Horizonte,Cascavel,Urbana,9º Ano,Matutino,6.8,8.6,10
PR2023565864,Isabela,2005-04-20,41900301,Colégio Estadual Primavera,Maringá,Urbana,3ª EM,Vespertino,5.7,5.4,8
PR2023518463,Taís,2011-11-07,41900501,Colégio Estadual Horizonte,Cascavel,Urbana,6º Ano,Vespertino ,5.6,5.8,11
PR2023390082,Heitor,2010-11-04,41900502,Colégio Estadual Oeste Paranaense,CASCAVEL,Urbana,7º Ano,Matutino,7.1,8.8,7
PR2023186369,Eduarda,2007-12-05,41900402,Colégio Estadual do Campo Pinheiral,Ponta Grossa,Rural,1ª EM,Vespertino,4.9,4.2,13
PR2023743758,Felipe,2007-11-11,41900401,Colégio Estadual Rio Tibagi,Ponta Grossa,Urbana,1ª EM,NOTURNO,6.6,8.4,1
PR2023334323,Eduarda,2005-09-13,41900101,Colégio Estadual Araucária,Curitiba,Urbana,3ª EM,Vespertino,7.6,7.4,10
PR2023495468,Nicolas,2007-01-26,41900301,Colégio Estadual Primavera,Maringá,Urbana,2ª EM,Matutino,7.9,6.5,1
PR2023547285,Rafaela,2009-07-31,41900103,Colégio Estadual Jardim das Flores,CURITIBA,Urbana,8º Ano,Vespertino,9.9,8.1,1
PR2023252389,Heitor,2011-04-21,41900201,Colégio Estadual Ipê Amarelo,Londrina,Urbana,6º Ano,Matutino ,6.9,7.7,9
PR2023473409,Bruno,2011-03-08,41900201,Colégio Estadual Ipê Amarelo,LONDRINA,Urbana,7º Ano,Matutino,5.6,5.4,0
PR2023513785,Rafaela,2010-07-15,41900202,Colégio Estadual do Campo Água Clara,Londrina,Rural,6º Ano,Matutino ,6.8,7.3,0
PR2023424977,Rafaela,2011-07-09,41900101,Colégio Estadual Araucária,Curitiba,Urbana,6º Ano,Matutino,9.3,8.5,0
PR2023303294,Yasmin,2011-10-09,41900501,Colégio Estadual Horizonte,Cascavel,Urbana,6º Ano,Vespertino,6.5,7.5,1
PR2023577288,Eduarda,2004-08-26,41900102,Colégio Estadual Gralha Azul,Curitiba,Urbana,3ª EM,Matutino,4.8,5.2,3
PR2023654981,Heitor,2007-08-24,41900101,Colégio Estadual Araucária,Curitiba,Urbana,1ª EM,Matutino,4.3,6.2,11
PR2023535536,Gabriela,2008-11-11,41900301,Colégio Estadual Primavera,Maringá,Urbana,9º Ano,Noturno,4.9,5.4,7
PR2023705651,Mariana,2011-10-28,41900503,Colégio Estadual do Campo Serra Verde,CASCAVEL,Rural,6º Ano,Noturno,4.6,4.8,18
PR2023821280,Gabriela,2011-12-08,41900202,Colégio Estadual do Campo Água Clara,Londrina,Rural,6º Ano,Vespertino,6.1,5.5,4
PR2023888714,Samuel,2008-05-26,41900302,Colégio Estadual Nova Esperança,Maringá,Urbana,8º Ano,Vespertino,5.3,6.1,4
PR2023679463,Gabriela,2006-04-22,41900401,Colégio Estadual Rio Tibagi,Ponta Grossa,Urbana,2ª EM,Matutino,4.3,4.1,1
PR2023244947,Felipe,2005-10-30,41900202,Colégio Estadual do Campo Água Clara,Londrina,Rural,3ª EM,matutino,7.6,9.1,0
PR2023906768,Eduarda,2008-01-07,41900101,Colégio Estadual Araucária,Curitiba,Urbana,1ª EM,Matutino,4.5,6.6,13
PR2023247135,Carla,2007-09-06,41900103,Colégio Estadual Jardim das Flores,Curitiba,Urbana,1ª EM,vespertino,6.5,7.1,19
PR2023660540,Taís,2006-09-28,41900101,Colégio Estadual Araucária,CURITIBA,Urbana,1ª EM,Noturno,6.3,6,5
PR2023133621,Samuel,2007-08-04,41900501,Colégio Estadual Horizonte,Cascavel,Urbana,9º Ano,Vespertino,4.9,7,6
PR2023137170,Eduarda,2010-12-31,41900103,Colégio Estadual Jardim das Flores,Curitiba,Urbana,7º Ano,Vespertino,3.7,4.4,11
PR2023263628,Samuel,2005-04-05,41900401,Colégio Estadual Rio Tibagi,Ponta Grossa,Urbana,2ª EM,Matutino,7.1,6.4,1
PR2023380928,Bruno,2008-09-19,41900502,Colégio Estadual Oeste Paranaense,Cascavel,Urbana,9º Ano,Matutino,5.4,6.1,7
PR2023109756,Nicolas,2009-10-17,41900201,Colégio Estadual Ipê Amarelo,Londrina,Urbana,8º Ano,Matutino,8.4,9.3,6
PR2023581596,Gabriela,2005-06-22,41900301,Colégio Estadual Primavera,Maringá,Urbana,3ª EM,Vespertino,5.8,7,11
PR2023700450,Gabriela,2009-06-25,41900103,Colégio Estadual Jardim das Flores,Curitiba,Urbana,8º Ano,Matutino,9,9.4,10
PR2023895780,Nicolas,2007-08-21,41900202,Colégio Estadual do Campo Água Clara,Londrina,Rural,1ª EM,Noturno,6.1,6.7,1
PR2023144743,Taís,2011-12-25,41900302,Colégio Estadual Nova Esperança,MARINGÁ,Urbana,6º Ano,Matutino,7.3,7.9,36
PR2023558037,Diego,2007-02-17,41900502,Colégio Estadual Oeste Paranaense,Cascavel,Urbana,2ª EM,Matutino ,99,5.9,8
PR2023457149,Yasmin,2011-07-19,41900301,Colégio Estadual Primavera,Maringá,Urbana,6º Ano,Vespertino,4.8,7.2,27
PR2023158137,Mariana,2006-02-09,41900401,Colégio Estadual Rio Tibagi,Ponta Grossa,Urbana,3ª EM,Matutino,4.2,6.5,0
PR2023557335,Bruno,2007-02-18,41900401,Colégio Estadual Rio Tibagi,PONTA GROSSA,Urbana,2ª EM,Matutino,5.8,5.6,3
PR2023326546,Taís,2005-06-28,41900401,Colégio Estadual Rio Tibagi,Ponta Grossa,Urbana,2ª EM,Matutino,3.2,4.3,2
PR2023895780,Nicolas,2007-08-21,41900202,Colégio Estadual do Campo Água Clara,Londrina,Rural,1ª EM,Noturno,6.1,6.7,1
PR2023551581,Nicolas,2005-08-04,41900101,Colégio Estadual Araucária,Curitiba,Urbana,3ª EM,Matutino,5.9,99,19
PR2023911747,Taís,2007-03-13,41900201,Colégio Estadual Ipê Amarelo,Londrina,Urbana,2ª EM,Matutino,6.7,6.9,8
PR2023305406,Karina,2007-06-03,41900401,Colégio Estadual Rio Tibagi,Ponta Grossa,Urbana,9º Ano,Matutino,7.5,7.8,6
PR2023791626,João,2006-04-26,41900102,Colégio Estadual Gralha Azul,Curitiba,Urbana,2ª EM,Noturno,5.7,7,6
PR2023455761,Pedro,2006-05-11,41900103,Colégio Estadual Jardim das Flores,Curitiba,Urbana,2ª EM,Vespertino,4.7,5.6,2
PR2023414667,Felipe,2008-08-01,41900202,Colégio Estadual do Campo Água Clara,Londrina,Rural,8º Ano,Vespertino,4.5,6.6,4
PR2023638272,Isabela,2011-05-25,41900501,Colégio Estadual Horizonte,Cascavel,Urbana,6º Ano,Noturno,5.5,6,9
PR2023648556,Vitor,2009-07-28,41900401,Colégio Estadual Rio Tibagi,Ponta Grossa,Urbana,7º Ano,Matutino,4.6,5,7
PR2023391978,Ana,2006-07-05,41900402,Colégio Estadual do Campo Pinheiral,Ponta Grossa,Rural,2ª EM,Vespertino,4.4,5.1,7
PR2023757641,Gabriela,2010-10-25,41900103,Colégio Estadual Jardim das Flores,CURITIBA,Urbana,7º Ano,Vespertino,8.4,8.4,4
